{
  "lora_forward": {
    "small_512x512_r8": 7.330419903155416,
    "medium_1024x1024_r8": 5.676249857060611,
    "large_2048x2048_r8": 9.007909975480288
  },
  "layer_operations": {
    "softmax_stable": 1.854579895734787,
    "layer_norm": 2.139999996870756,
    "rms_norm": 6.080419989302754
  },
  "lora_rank_scaling": {
    "rank_4": 5.561249854508787,
    "rank_8": 5.643330223392695,
    "rank_16": 5.667080113198608,
    "rank_32": 6.174160225782543,
    "rank_64": 5.6679200497455895
  },
  "sampling": {
    "greedy": 2.1912498050369322,
    "temperature_0.7": 364.6795899840072
  }
}