{
  "lora_forward": {
    "small_512x512_r8": 5.448330193758011,
    "medium_1024x1024_r8": 4.972080059815198,
    "large_2048x2048_r8": 7.251670176628977
  },
  "layer_operations": {
    "softmax_stable": 1.583749835845083,
    "layer_norm": 1.991660101339221,
    "rms_norm": 5.6854201829992235
  },
  "lora_rank_scaling": {
    "rank_4": 4.928339913021773,
    "rank_8": 5.068340105935931,
    "rank_16": 6.420410063583404,
    "rank_32": 5.030409956816584,
    "rank_64": 7.189579773694277
  },
  "sampling": {
    "greedy": 2.285419905092567,
    "temperature_0.7": 375.83583005471155
  }
}